<?xml version="1.0" encoding="utf-8"?>
<list version="1.0">
	<fvm_meta theme_code="" is_biz="0" />
	<theme id="business" name="Business Friendly" file="business\theme.xml" hitman="N" seg1="business\business.zip" seg2="business\business2.zip" thumb="" cc_theme_id="business"/>
	<theme id="whiteboard" name="Whiteboard Animation" file="whiteboard\theme.xml" hitman="N" seg1="whiteboard\whiteboard.zip" seg2="whiteboard\whiteboard2.zip" thumb="" cc_theme_id="whiteboard"/>
	<theme id="infographics" name="Video Infographics" file="infographics\theme.xml" hitman="N" seg1="infographics\infographics.zip" seg2="infographics\infographics2.zip" thumb="" cc_theme_id="infographics"/>
	<theme id="retro" name="Cartoon Classics" file="retro\theme.xml" hitman="N" seg1="retro\retro.zip" seg2="retro\retro2.zip" thumb="ann-stand.swf"/>
	<theme id="vietnam" name="Jungle Warfare" file="vietnam\theme.xml" hitman="N" seg1="vietnam\vietnam.zip" seg2="vietnam\vietnam2.zip" thumb=""/>
	<theme id="monstermsh" name="Monsters Mayhem" file="monstermsh\theme.xml" hitman="N" seg1="monstermsh\monstermsh.zip" seg2="monstermsh\monstermsh2.zip" thumb=""/>
	<theme id="stick" name="Stick Figure" file="stick\theme.xml" hitman="N" seg1="stick\stick.zip" seg2="stick\stick2.zip" thumb=""/>
	<theme id="action" name="Lil' Peepz" file="action\theme.xml" hitman="N" seg1="action\action.zip" seg2="action\action2.zip" thumb=""/>
	<theme id="custom" name="Comedy World" file="custom\theme.xml" hitman="N" seg1="custom\custom.zip" seg2="custom\custom2.zip" thumb=""/>
	<theme id="animal" name="Lil' Petz" file="animal\theme.xml" hitman="N" seg1="animal\animal.zip" seg2="animal\animal2.zip" thumb=""/>
	<theme id="politics2" name="White Houserz" file="politics2\theme.xml" hitman="N" seg1="politics2\politics2.zip" seg2="politics2\politics22.zip" thumb=""/>
	<theme id="chibi" name="Chibi Peepz" file="chibi\theme.xml" hitman="N" seg1="chibi\chibi.zip" seg2="chibi\chibi2.zip" thumb=""/>
	<theme id="space" name="Space Peepz" file="space\theme.xml" hitman="N" seg1="space\space.zip" seg2="space\space2.zip" thumb=""/>
	<theme id="ninja" name="Chibi Ninjas" file="ninja\theme.xml" hitman="N" seg1="ninja\ninja.zip" seg2="ninja\ninja2.zip" thumb=""/>
	<theme id="anime" name="Anime" file="anime\theme.xml" hitman="N" seg1="anime\anime.zip" seg2="anime\anime2.zip" thumb=""/>
	<theme id="ninjaanime" name="Ninja Anime" file="ninjaanime\theme.xml" hitman="N" seg1="ninjaanime\ninjaanime.zip" seg2="ninjaanime\ninjaanime2.zip" thumb=""/>
	<theme id="christmas" name="Holiday &amp; Seasonal" file="christmas\theme.xml" hitman="N" seg1="christmas\christmas.zip" seg2="christmas\christmas2.zip" thumb="santa-stand.swf"/>
	<theme id="spacecitizen" name="Space Citizens" file="spacecitizen\theme.xml" hitman="N" seg1="spacecitizen\spacecitizen.zip" seg2="spacecitizen\spacecitizen2.zip" thumb=""/>
	<theme id="commoncraft" name="Common Craft" file="commoncraft\theme.xml" hitman="N" seg1="commoncraft\commoncraft.zip" seg2="commoncraft\commoncraft2.zip" thumb=""/>
	<theme id="politic" name="Politics &amp; Celebrity" file="politic\theme.xml" hitman="N" seg1="politic\politic.zip" seg2="politic\politic2.zip" thumb="hilary-stand.swf"/>
	<theme id="common" name="Common" file="common\theme.xml" hitman="N" seg1="common\common.zip" seg2="common\common2.zip" thumb="matchboy-stand.swf"/>
	<word>mikiko,vinkiko</word>
	<whiteword />
	<excludeAssetIDs />
	<points money="0" sharing="0" />
</list>