<?xml version="1.0" encoding="utf-8"?>
<theme id="ninja" name="Chibi Ninjas" cc_theme_id="ninja">
  <background id="ncc_ninja_bg05.swf" name="Forest" enable="Y" default="N" is_premium="N" aid="15134" money="0" sharing="0"/>
  <background id="ncc_ninja_bg06.swf" name="Forest" enable="Y" default="N" is_premium="N" aid="15135" money="0" sharing="0"/>
  <background id="ncc_ninja_outdoor_1.swf" name="Forest" enable="Y" default="N" is_premium="N" aid="15137" money="0" sharing="0"/>
  <background id="ncc_ninja_outdoor_2.swf" name="Old street" enable="Y" default="N" is_premium="N" aid="15138" money="0" sharing="0"/>
  <background id="ncc_ninja_outdoor_3.swf" name="Ground" enable="Y" default="N" is_premium="N" aid="15139" money="0" sharing="0"/>
  <background id="ncc_ninja_bg04.swf" name="Wooden platform" enable="Y" default="N" is_premium="N" aid="15133" money="0" sharing="0"/>
  <background id="ncc_ninja_bg03.swf" name="Wooden floor" enable="Y" default="N" is_premium="N" aid="15132" money="0" sharing="0"/>
  <background id="ncc_ninja_fightcourt.swf" name="Wooden hall" enable="Y" default="N" is_premium="N" aid="15136" money="0" sharing="0"/>
  <background id="ncc_ninja_bg02.swf" name="Wooden floor" enable="Y" default="N" is_premium="N" aid="15131" money="0" sharing="0"/>
  <background id="ncc_ninja_woodenfloor02.swf" name="Wooden floor" enable="Y" default="N" is_premium="N" aid="15141" money="0" sharing="0"/>
  <background id="ncc_ninja_woodenfloor03.swf" name="Wooden floor" enable="Y" default="N" is_premium="N" aid="15142" money="0" sharing="0"/>
  <background id="ncc_ninja_woodenfloor.swf" name="Wooden floor" enable="Y" default="N" is_premium="N" aid="15145" money="0" sharing="0"/>
  <background id="ncc_ninja_bg07.swf" name="Tatami floor" enable="Y" default="N" is_premium="N" aid="15140" money="0" sharing="0"/>
  <background id="ncc_ninja_bg01.swf" name="Tatami floor" enable="Y" default="N" is_premium="N" aid="15130" money="0" sharing="0"/>
  <background id="ncc_ninja_tatami.swf" name="Tatami floor" enable="Y" default="N" is_premium="N" aid="15143" money="0" sharing="0"/>
  <background id="ncc_ninja_tatami2.swf" name="Tatami floor" enable="Y" default="N" is_premium="N" aid="15144" money="0" sharing="0"/>
  <compositebg id="cbg_ninja_town01" name="Old town" enable="Y" default="Y" thumb="ninja_town01.png" display_order="1" is_premium="N" money="0" sharing="0" aid="15153">
  <bg id="cbg_ninja_town01_BG357" index="0">
    <file>ninja.ncc_ninja_outdoor_2.swf</file>
  </bg>
  <prop id="cbg_ninja_town01_PROP6" index="6">
    <file>ninja.ncc_ninja_adbox01.swf</file>
    <x>272.5</x>
    <y>191.5</y>
    <xscale>1</xscale>
    <yscale>1</yscale>
    <face>1</face>
    <rotation>0</rotation>
  </prop>
  <prop id="cbg_ninja_town01_PROP7" index="3">
    <file>ninja.ncc_ninja_boxchair.swf</file>
    <x>508.8</x>
    <y>215.2</y>
    <xscale>1</xscale>
    <yscale>1</yscale>
    <face>1</face>
    <rotation>0</rotation>
  </prop>
  <prop id="cbg_ninja_town01_PROP8" index="2">
    <file>ninja.ncc_ninja_light03.swf</file>
    <x>434.2</x>
    <y>197.5</y>
    <xscale>1</xscale>
    <yscale>1</yscale>
    <face>1</face>
    <rotation>0</rotation>
  </prop>
  <prop id="cbg_ninja_town01_PROP9" index="4">
    <file>ninja.ncc_ninja_bucket.swf</file>
    <x>66.5</x>
    <y>206.4</y>
    <xscale>1</xscale>
    <yscale>1</yscale>
    <face>1</face>
    <rotation>0</rotation>
  </prop>
  <prop id="cbg_ninja_town01_PROP10" index="5">
    <file>ninja.ncc_ninja_bucket.swf</file>
    <x>67.5</x>
    <y>153.4</y>
    <xscale>1</xscale>
    <yscale>1</yscale>
    <face>1</face>
    <rotation>0</rotation>
  </prop>
</compositebg>
  <compositebg id="cbg_ninja_town02" name="Old town" enable="Y" default="N" thumb="ninja_town02.png" display_order="2" is_premium="N" money="0" sharing="0" aid="15152">
  <bg id="cbg_ninja_town02_BG338" index="0">
    <file>ninja.ncc_ninja_outdoor_3.swf</file>
  </bg>
  <prop id="cbg_ninja_town02_PROP28" index="3">
    <file>ninja.ncc_ninja_house03.swf</file>
    <x>-10.7</x>
    <y>144.8</y>
    <xscale>1</xscale>
    <yscale>1</yscale>
    <face>1</face>
    <rotation>0</rotation>
  </prop>
  <prop id="cbg_ninja_town02_PROP30" index="1">
    <file>ninja.msp_ninja_wall03.msp_ninja_wall03_ncc_ninja_wall03_front.swf</file>
    <x>363</x>
    <y>119.9</y>
    <xscale>0.61</xscale>
    <yscale>0.61</yscale>
    <face>-1</face>
    <rotation>0</rotation>
  </prop>
  <prop id="cbg_ninja_town02_PROP31" index="5">
    <file>ninja.ncc_ninja_bucket.swf</file>
    <x>243</x>
    <y>234.9</y>
    <xscale>1</xscale>
    <yscale>1</yscale>
    <face>1</face>
    <rotation>0</rotation>
  </prop>
  <prop id="cbg_ninja_town02_PROP32" index="6">
    <file>ninja.ncc_ninja_bucket.swf</file>
    <x>242</x>
    <y>180.9</y>
    <xscale>1</xscale>
    <yscale>1</yscale>
    <face>1</face>
    <rotation>0</rotation>
  </prop>
  <prop id="cbg_ninja_town02_PROP34" index="7">
    <file>ninja.ncc_ninja_house02.swf</file>
    <x>648</x>
    <y>239</y>
    <xscale>1</xscale>
    <yscale>1</yscale>
    <face>1</face>
    <rotation>0</rotation>
  </prop>
  <prop id="cbg_ninja_town02_PROP35" index="8">
    <file>ninja.ncc_ninja_house02.swf</file>
    <x>650</x>
    <y>1</y>
    <xscale>1</xscale>
    <yscale>1</yscale>
    <face>1</face>
    <rotation>0</rotation>
  </prop>
  <prop id="cbg_ninja_town02_PROP36" index="9">
    <file>ninja.ncc_ninja_adbox02.swf</file>
    <x>438.6</x>
    <y>352.6</y>
    <xscale>1.98</xscale>
    <yscale>1.98</yscale>
    <face>1</face>
    <rotation>0</rotation>
    <color r="ccColorA">16737894</color>
  </prop>
  <prop id="cbg_ninja_town02_PROP37" index="4">
    <file>ninja.ncc_ninja_house01.swf</file>
    <x>-11.3</x>
    <y>-90.1</y>
    <xscale>1</xscale>
    <yscale>1</yscale>
    <face>1</face>
    <rotation>0</rotation>
  </prop>
</compositebg>
  <compositebg id="cbg_ninja_torii" name="Old Town" enable="Y" default="N" thumb="ninja_torii.png" display_order="3" is_premium="N" money="0" sharing="0" aid="15199">
  <bg id="cbg_ninja_torii_BG9" index="0">
    <file>ninja.ncc_ninja_outdoor_3.swf</file>
  </bg>
  <prop id="cbg_ninja_torii_PROP10" index="5">
    <file>ninja.ncc_ninja_house03.swf</file>
    <x>55.1</x>
    <y>248.5</y>
    <xscale>0.45</xscale>
    <yscale>0.45</yscale>
    <face>1</face>
    <rotation>0</rotation>
  </prop>
  <prop id="cbg_ninja_torii_PROP11" index="10">
    <file>ninja.ncc_ninja_roof2.swf</file>
    <x>536.1</x>
    <y>197.9</y>
    <xscale>0.5</xscale>
    <yscale>0.5</yscale>
    <face>1</face>
    <rotation>0</rotation>
  </prop>
  <prop id="cbg_ninja_torii_PROP12" index="6">
    <file>ninja.ncc_ninja_house01.swf</file>
    <x>55.1</x>
    <y>141.5</y>
    <xscale>0.45</xscale>
    <yscale>0.45</yscale>
    <face>1</face>
    <rotation>0</rotation>
  </prop>
  <prop id="cbg_ninja_torii_PROP13" index="3">
    <file>ninja.ncc_ninja_roof1.swf</file>
    <x>254.2</x>
    <y>95.6</y>
    <xscale>0.5</xscale>
    <yscale>0.5</yscale>
    <face>1</face>
    <rotation>0</rotation>
  </prop>
  <prop id="cbg_ninja_torii_PROP14" index="2">
    <file>ninja.ncc_ninja_house02.swf</file>
    <x>59.9</x>
    <y>47.2</y>
    <xscale>0.43</xscale>
    <yscale>0.43</yscale>
    <face>1</face>
    <rotation>0</rotation>
  </prop>
  <prop id="cbg_ninja_torii_PROP15" index="7">
    <file>ninja.ncc_ninja_torii.swf</file>
    <x>272.3</x>
    <y>170.6</y>
    <xscale>0.87</xscale>
    <yscale>0.87</yscale>
    <face>1</face>
    <rotation>0</rotation>
  </prop>
  <prop id="cbg_ninja_torii_PROP16" index="11">
    <file>ninja.msp_ninja_tree.msp_ninja_tree_ncc_ninja_tree01.swf</file>
    <x>564.4</x>
    <y>244.1</y>
    <xscale>0.55</xscale>
    <yscale>0.55</yscale>
    <face>-1</face>
    <rotation>0</rotation>
    <color r="ccColorA">13408665</color>
  </prop>
  <prop id="cbg_ninja_torii_PROP17" index="8">
    <file>ninja.msp_ninja_tree.msp_ninja_tree_ncc_ninja_tree01.swf</file>
    <x>136.3</x>
    <y>231.4</y>
    <xscale>0.55</xscale>
    <yscale>0.55</yscale>
    <face>1</face>
    <rotation>0</rotation>
    <color r="ccColorA">13395558</color>
  </prop>
  <prop id="cbg_ninja_torii_PROP18" index="1">
    <file>ninja.ncc_ninja_house02.swf</file>
    <x>61.4</x>
    <y>147.8</y>
    <xscale>0.43</xscale>
    <yscale>0.43</yscale>
    <face>1</face>
    <rotation>0</rotation>
  </prop>
  <prop id="cbg_ninja_torii_PROP19" index="9">
    <file>ninja.ncc_ninja_adbox01.swf</file>
    <x>85.5</x>
    <y>303</y>
    <xscale>0.6</xscale>
    <yscale>0.6</yscale>
    <face>1</face>
    <rotation>0</rotation>
  </prop>
  <prop id="cbg_ninja_torii_PROP20" index="12">
    <file>ninja.ncc_ninja_bucket.swf</file>
    <x>274.5</x>
    <y>208.6</y>
    <xscale>0.44</xscale>
    <yscale>0.44</yscale>
    <face>1</face>
    <rotation>0</rotation>
  </prop>
  <prop id="cbg_ninja_torii_PROP21" index="13">
    <file>ninja.ncc_ninja_adbox02.swf</file>
    <x>447.4</x>
    <y>294.3</y>
    <xscale>0.63</xscale>
    <yscale>0.63</yscale>
    <face>1</face>
    <rotation>0</rotation>
    <color r="ccColorA">10053222</color>
  </prop>
</compositebg>
  <compositebg id="cbg_ninja_roof" name="Old Town" enable="Y" default="N" thumb="ninja_roof.png" display_order="4" is_premium="N" money="0" sharing="0" aid="15200">
  <bg id="cbg_ninja_roof_BG9" index="0">
    <file>ninja.ncc_ninja_bg05.swf</file>
  </bg>
  <prop id="cbg_ninja_roof_PROP116" index="11">
    <file>ninja.msp_ninja_tree.msp_ninja_tree_ncc_ninja_tree01.swf</file>
    <x>598</x>
    <y>298</y>
    <xscale>1</xscale>
    <yscale>1</yscale>
    <face>1</face>
    <rotation>0</rotation>
  </prop>
  <prop id="cbg_ninja_roof_PROP115" index="10">
    <file>ninja.ncc_ninja_roof1.swf</file>
    <x>542.1</x>
    <y>329.8</y>
    <xscale>0.41</xscale>
    <yscale>0.41</yscale>
    <face>1</face>
    <rotation>0</rotation>
    <color r="ccColorC">10066329</color>
    <color r="ccColorB">13421772</color>
    <color r="ccColorA">6710886</color>
  </prop>
  <prop id="cbg_ninja_roof_PROP114" index="9">
    <file>ninja.ncc_ninja_roof2.swf</file>
    <x>355.3</x>
    <y>259.4</y>
    <xscale>0.38</xscale>
    <yscale>0.38</yscale>
    <face>1</face>
    <rotation>0</rotation>
  </prop>
  <prop id="cbg_ninja_roof_PROP113" index="8">
    <file>ninja.ncc_ninja_roof2.swf</file>
    <x>354.6</x>
    <y>344.6</y>
    <xscale>0.38</xscale>
    <yscale>0.38</yscale>
    <face>1</face>
    <rotation>0</rotation>
  </prop>
  <prop id="cbg_ninja_roof_PROP112" index="7">
    <file>ninja.ncc_ninja_roof2.swf</file>
    <x>204.8</x>
    <y>327.3</y>
    <xscale>0.38</xscale>
    <yscale>0.38</yscale>
    <face>1</face>
    <rotation>0</rotation>
  </prop>
  <prop id="cbg_ninja_roof_PROP111" index="6">
    <file>ninja.ncc_ninja_roof1.swf</file>
    <x>72.9</x>
    <y>256.3</y>
    <xscale>0.41</xscale>
    <yscale>0.41</yscale>
    <face>1</face>
    <rotation>0</rotation>
  </prop>
  <prop id="cbg_ninja_roof_PROP110" index="5">
    <file>ninja.ncc_ninja_house01.swf</file>
    <x>60.2</x>
    <y>385.9</y>
    <xscale>0.41</xscale>
    <yscale>0.41</yscale>
    <face>1</face>
    <rotation>0</rotation>
  </prop>
  <prop id="cbg_ninja_roof_PROP109" index="4">
    <file>ninja.ncc_ninja_roof1.swf</file>
    <x>526.9</x>
    <y>210.4</y>
    <xscale>0.33</xscale>
    <yscale>0.33</yscale>
    <face>1</face>
    <rotation>0</rotation>
    <color r="ccColorC">10053222</color>
  </prop>
  <prop id="cbg_ninja_roof_PROP108" index="3">
    <file>ninja.ncc_ninja_house01.swf</file>
    <x>516.8</x>
    <y>313.2</y>
    <xscale>0.33</xscale>
    <yscale>0.33</yscale>
    <face>1</face>
    <rotation>0</rotation>
    <color r="ccColorC">10053222</color>
  </prop>
  <prop id="cbg_ninja_roof_PROP107" index="2">
    <file>ninja.msp_ninja_tree.msp_ninja_tree_ncc_ninja_tree02.swf</file>
    <x>190</x>
    <y>240</y>
    <xscale>0.61</xscale>
    <yscale>0.61</yscale>
    <face>1</face>
    <rotation>0</rotation>
    <color r="ccColorA">6723891</color>
  </prop>
  <prop id="cbg_ninja_roof_PROP106" index="1">
    <file>ninja.ncc_ninja_roof1.swf</file>
    <x>254.1</x>
    <y>196.8</y>
    <xscale>0.31</xscale>
    <yscale>0.31</yscale>
    <face>1</face>
    <rotation>0</rotation>
    <color r="ccColorC">10066329</color>
    <color r="ccColorB">13421772</color>
    <color r="ccColorA">6710886</color>
  </prop>
</compositebg>
  <compositebg id="cbg_ninja_room05" name="House entrance" enable="Y" default="N" thumb="ninja_room05.png" display_order="10" is_premium="N" money="0" sharing="0" aid="15149">
  <bg id="cbg_ninja_room05_BG336" index="0">
    <file>ninja.ncc_ninja_bg04.swf</file>
  </bg>
  <prop id="cbg_ninja_room05_PROP27" index="4">
    <file>ninja.msp_ninjadoor01.msp_ninjadoor01_ncc_ninjadoor_front_close.swf</file>
    <x>17</x>
    <y>91.8</y>
    <xscale>1.78</xscale>
    <yscale>1.78</yscale>
    <face>1</face>
    <rotation>0</rotation>
  </prop>
  <prop id="cbg_ninja_room05_PROP28" index="5">
    <file>ninja.msp_ninjadoor01.msp_ninjadoor01_ncc_ninjadoor_front_close.swf</file>
    <x>585</x>
    <y>94.8</y>
    <xscale>1.78</xscale>
    <yscale>1.78</yscale>
    <face>1</face>
    <rotation>0</rotation>
  </prop>
  <prop id="cbg_ninja_room05_PROP29" index="1">
    <file>ninja.msp_ninja_door01.msp_ninja_door01_ncc_ninja_door01_close.swf</file>
    <x>408</x>
    <y>53.8</y>
    <xscale>1.55</xscale>
    <yscale>1.55</yscale>
    <face>1</face>
    <rotation>0</rotation>
  </prop>
</compositebg>
  <compositebg id="cbg_ninja_livingroom" name="Room with fire pit" enable="Y" default="N" thumb="ninja_livingroom.png" display_order="11" is_premium="N" money="0" sharing="0" aid="15146">
  <bg id="BG339" index="0">
    <file>ninja.ncc_ninja_bg01.swf</file>
  </bg>
  <prop id="PROP40" index="1">
    <file>ninja.ncc_ninja_wood.swf</file>
    <x>173.6</x>
    <y>220.3</y>
    <xscale>1</xscale>
    <yscale>1</yscale>
    <face>1</face>
    <rotation>0</rotation>
  </prop>
  <prop id="PROP41" index="2">
    <file>ninja.ncc_ninja_wood.swf</file>
    <x>128.2</x>
    <y>243.9</y>
    <xscale>1</xscale>
    <yscale>1</yscale>
    <face>1</face>
    <rotation>0</rotation>
  </prop>
  <prop id="PROP38" index="3">
    <file>ninja.ncc_ninja_wood.swf</file>
    <x>82.8</x>
    <y>267.5</y>
    <xscale>1</xscale>
    <yscale>1</yscale>
    <face>1</face>
    <rotation>0</rotation>
  </prop>
  <prop id="PROP39" index="4">
    <file>ninja.ncc_ninja_wood.swf</file>
    <x>36.4</x>
    <y>291.1</y>
    <xscale>1</xscale>
    <yscale>1</yscale>
    <face>1</face>
    <rotation>0</rotation>
  </prop>
  <prop id="PROP29" index="5">
    <file>ninja.msp_ninja_wall01.msp_ninja_wall01_ncc_ninja_wall01_front.swf</file>
    <x>397.9</x>
    <y>80</y>
    <xscale>1.29</xscale>
    <yscale>1.29</yscale>
    <face>-1</face>
    <rotation>0</rotation>
  </prop>
  <prop id="PROP28" index="6">
    <file>ninja.msp_ninja_wall02.msp_ninja_wall02_ncc_ninja_wall02_side.swf</file>
    <x>54.6</x>
    <y>151.2</y>
    <xscale>1.29</xscale>
    <yscale>1.29</yscale>
    <face>-1</face>
    <rotation>0</rotation>
  </prop>
  <prop id="PROP30" index="13">
    <file>ninja.msp_ninjadoor01.msp_ninjadoor01_ncc_ninjadoor_side_open.swf</file>
    <x>35.5</x>
    <y>217.4</y>
    <xscale>1.55</xscale>
    <yscale>1.55</yscale>
    <face>1</face>
    <rotation>0</rotation>
  </prop>
  <prop id="PROP31" index="7">
    <file>ninja.ncc_ninja_drawer02.swf</file>
    <x>232.3</x>
    <y>223.1</y>
    <xscale>0.91</xscale>
    <yscale>0.91</yscale>
    <face>1</face>
    <rotation>0</rotation>
  </prop>
  <prop id="PROP36" index="8">
    <file>ninja.ncc_ninja_light01.swf</file>
    <x>231.5</x>
    <y>169.8</y>
    <xscale>1</xscale>
    <yscale>1</yscale>
    <face>1</face>
    <rotation>0</rotation>
  </prop>
  <prop id="PROP34" index="10">
    <file>ninja.ncc_ninja_seat.swf</file>
    <x>201.6</x>
    <y>300.4</y>
    <xscale>1</xscale>
    <yscale>1</yscale>
    <face>1</face>
    <rotation>0</rotation>
  </prop>
  <prop id="PROP33" index="9">
    <file>ninja.msp_ninja_fish01.msp_ninja_fish01_ncc_ninja_fish01.swf</file>
    <x>352.5</x>
    <y>300.4</y>
    <xscale>1</xscale>
    <yscale>1</yscale>
    <face>1</face>
    <rotation>0</rotation>
  </prop>
  <prop id="PROP35" index="11">
    <file>ninja.ncc_ninja_seat.swf</file>
    <x>518</x>
    <y>302.2</y>
    <xscale>1</xscale>
    <yscale>1</yscale>
    <face>1</face>
    <rotation>0</rotation>
  </prop>
  <prop id="PROP26" index="12">
    <file>ninja.ncc_ninja_pot.swf</file>
    <x>358.7</x>
    <y>77.3</y>
    <xscale>1.4</xscale>
    <yscale>1.4</yscale>
    <face>1</face>
    <rotation>0</rotation>
  </prop>
  <prop id="PROP37" index="14">
    <file>ninja.ncc_ninja_light02.swf</file>
    <x>424.6</x>
    <y>292.2</y>
    <xscale>1.22</xscale>
    <yscale>1.22</yscale>
    <face>1</face>
    <rotation>0</rotation>
  </prop>
</compositebg>
  <compositebg id="cbg_ninja_master_room" name="Samurai room" enable="Y" default="N" thumb="ninja_master_room.png" display_order="12" is_premium="N" money="0" sharing="0" aid="15154">
  <bg id="BG339" index="0">
    <file>ninja.ncc_ninja_bg01.swf</file>
  </bg>
  <prop id="PROP40" index="1">
    <file>ninja.ncc_ninja_wood.swf</file>
    <x>173.6</x>
    <y>220.3</y>
    <xscale>1</xscale>
    <yscale>1</yscale>
    <face>1</face>
    <rotation>0</rotation>
  </prop>
  <prop id="PROP41" index="2">
    <file>ninja.ncc_ninja_wood.swf</file>
    <x>128.2</x>
    <y>243.9</y>
    <xscale>1</xscale>
    <yscale>1</yscale>
    <face>1</face>
    <rotation>0</rotation>
  </prop>
  <prop id="PROP38" index="3">
    <file>ninja.ncc_ninja_wood.swf</file>
    <x>82.8</x>
    <y>267.5</y>
    <xscale>1</xscale>
    <yscale>1</yscale>
    <face>1</face>
    <rotation>0</rotation>
  </prop>
  <prop id="PROP39" index="4">
    <file>ninja.ncc_ninja_wood.swf</file>
    <x>36.4</x>
    <y>291.1</y>
    <xscale>1</xscale>
    <yscale>1</yscale>
    <face>1</face>
    <rotation>0</rotation>
  </prop>
  <prop id="PROP29" index="5">
    <file>ninja.msp_ninja_wall01.msp_ninja_wall01_ncc_ninja_wall01_front.swf</file>
    <x>397.9</x>
    <y>80</y>
    <xscale>1.29</xscale>
    <yscale>1.29</yscale>
    <face>-1</face>
    <rotation>0</rotation>
  </prop>
  <prop id="PROP32" index="6">
    <file>ninja.msp_ninja_wall01.msp_ninja_wall01_ncc_ninja_wall01_side.swf</file>
    <x>57.8</x>
    <y>150.6</y>
    <xscale>1.29</xscale>
    <yscale>1.29</yscale>
    <face>-1</face>
    <rotation>0</rotation>
  </prop>
  <prop id="PROP45" index="7">
    <file>ninja.ncc_ninja_painting01.swf</file>
    <x>439.1</x>
    <y>63.4</y>
    <xscale>0.91</xscale>
    <yscale>0.91</yscale>
    <face>1</face>
    <rotation>0</rotation>
  </prop>
  <prop id="PROP46" index="8">
    <file>ninja.ncc_ninja_light02.swf</file>
    <x>281.6</x>
    <y>179.2</y>
    <xscale>1.22</xscale>
    <yscale>1.22</yscale>
    <face>1</face>
    <rotation>0</rotation>
  </prop>
  <prop id="PROP31" index="9">
    <file>ninja.ncc_ninja_drawer02.swf</file>
    <x>374.3</x>
    <y>223.1</y>
    <xscale>0.91</xscale>
    <yscale>0.91</yscale>
    <face>1</face>
    <rotation>0</rotation>
  </prop>
  <prop id="PROP42" index="10">
    <file>ninja.ncc_ninja_drawer02.swf</file>
    <x>457.3</x>
    <y>223.1</y>
    <xscale>0.91</xscale>
    <yscale>0.91</yscale>
    <face>1</face>
    <rotation>0</rotation>
  </prop>
  <prop id="PROP43" index="11">
    <file>ninja.msp_ninja_deco01.msp_ninja_deco01_ncc_ninja_deco02.swf</file>
    <x>416.1</x>
    <y>164.5</y>
    <xscale>1.6</xscale>
    <yscale>1.6</yscale>
    <face>1</face>
    <rotation>0</rotation>
  </prop>
  <prop id="PROP36" index="15">
    <file>ninja.ncc_ninja_light01.swf</file>
    <x>101.5</x>
    <y>330.8</y>
    <xscale>1</xscale>
    <yscale>1</yscale>
    <face>1</face>
    <rotation>0</rotation>
  </prop>
  <prop id="PROP34" index="12">
    <file>ninja.ncc_ninja_seat.swf</file>
    <x>358.6</x>
    <y>306.4</y>
    <xscale>1</xscale>
    <yscale>1</yscale>
    <face>1</face>
    <rotation>0</rotation>
  </prop>
  <prop id="PROP37" index="13">
    <file>ninja.ncc_ninja_light02.swf</file>
    <x>546.6</x>
    <y>178.2</y>
    <xscale>1.22</xscale>
    <yscale>1.22</yscale>
    <face>1</face>
    <rotation>0</rotation>
  </prop>
</compositebg>
  <compositebg id="cbg_ninja_fight_court" name="Training room" enable="Y" default="N" thumb="ninja_fight_court.png" display_order="13" is_premium="N" money="0" sharing="0" aid="15155">
  <bg id="cbg_ninja_fight_court_BG338" index="0">
    <file>ninja.ncc_ninja_fightcourt.swf</file>
  </bg>
  <prop id="cbg_ninja_fight_court_PROP26" index="4">
    <file>ninja.msp_ninja_deco01.msp_ninja_deco01_ncc_ninja_deco01.swf</file>
    <x>152.8</x>
    <y>178.1</y>
    <xscale>1</xscale>
    <yscale>1</yscale>
    <face>1</face>
    <rotation>0</rotation>
  </prop>
  <prop id="cbg_ninja_fight_court_PROP27" index="5">
    <file>ninja.msp_ninja_deco01.msp_ninja_deco01_ncc_ninja_deco01.swf</file>
    <x>463.8</x>
    <y>178.1</y>
    <xscale>1</xscale>
    <yscale>1</yscale>
    <face>1</face>
    <rotation>0</rotation>
  </prop>
  <prop id="cbg_ninja_fight_court_PROP28" index="3">
    <file>ninja.ncc_ninja_painting02.swf</file>
    <x>340.7</x>
    <y>101.2</y>
    <xscale>0.66</xscale>
    <yscale>0.81</yscale>
    <face>1</face>
    <rotation>0</rotation>
  </prop>
</compositebg>
  <compositebg id="cbg_ninja_room03" name="Corridor" enable="Y" default="N" thumb="ninja_room03.png" display_order="14" is_premium="N" money="0" sharing="0" aid="15147">
  <bg id="cbg_ninja_room03_BG336" index="0">
    <file>ninja.ncc_ninja_bg02.swf</file>
  </bg>
  <prop id="cbg_ninja_room03_PROP26" index="3">
    <file>ninja.msp_ninja_door01.msp_ninja_door01_ncc_ninja_door01_close.swf</file>
    <x>557.4</x>
    <y>119.7</y>
    <xscale>1.81</xscale>
    <yscale>1.81</yscale>
    <face>1</face>
    <rotation>0</rotation>
  </prop>
  <prop id="cbg_ninja_room03_PROP27" index="5">
    <file>ninja.msp_ninja_door01.msp_ninja_door01_ncc_ninja_door01_close.swf</file>
    <x>-43.5</x>
    <y>120.7</y>
    <xscale>1.81</xscale>
    <yscale>1.81</yscale>
    <face>1</face>
    <rotation>0</rotation>
  </prop>
</compositebg>
  <compositebg id="cbg_ninja_room04" name="Corridor" enable="Y" default="N" thumb="ninja_room04.png" display_order="15" is_premium="N" money="0" sharing="0" aid="15148">
  <bg id="cbg_ninja_room04_BG336" index="0">
    <file>ninja.ncc_ninja_bg03.swf</file>
  </bg>
  <prop id="cbg_ninja_room04_PROP26" index="3">
    <file>ninja.msp_ninja_door01.msp_ninja_door01_ncc_ninja_door01_close.swf</file>
    <x>107.7</x>
    <y>123.6</y>
    <xscale>1.74</xscale>
    <yscale>1.74</yscale>
    <face>1</face>
    <rotation>0</rotation>
  </prop>
</compositebg>
  <compositebg id="cbg_ninja_forest01" name="Forest" enable="Y" default="N" thumb="ninja_forest01.png" display_order="20" is_premium="N" money="0" sharing="0" aid="15150">
  <bg id="cbg_ninja_forest01_BG353" index="0">
    <file>ninja.ncc_ninja_outdoor_1.swf</file>
  </bg>
  <prop id="cbg_ninja_forest01_PROP32" index="1">
    <file>ninja.msp_ninja_tree.msp_ninja_tree_ncc_ninja_tree02.swf</file>
    <x>554</x>
    <y>114</y>
    <xscale>2.43</xscale>
    <yscale>2.43</yscale>
    <face>1</face>
    <rotation>0</rotation>
  </prop>
  <prop id="cbg_ninja_forest01_PROP27" index="2">
    <file>ninja.msp_ninja_tree.msp_ninja_tree_ncc_ninja_tree02.swf</file>
    <x>127</x>
    <y>99</y>
    <xscale>2.43</xscale>
    <yscale>2.43</yscale>
    <face>1</face>
    <rotation>0</rotation>
  </prop>
  <prop id="cbg_ninja_forest01_PROP26" index="3">
    <file>ninja.msp_ninja_tree.msp_ninja_tree_ncc_ninja_tree01.swf</file>
    <x>476</x>
    <y>55</y>
    <xscale>4.28</xscale>
    <yscale>4.28</yscale>
    <face>1</face>
    <rotation>0</rotation>
  </prop>
</compositebg>
  <compositebg id="cbg_ninja_forest02" name="Forest" enable="Y" default="N" thumb="ninja_forest02.png" display_order="21" is_premium="N" money="0" sharing="0" aid="15151">
  <bg id="cbg_ninja_forest02_BG336" index="0">
    <file>ninja.ncc_ninja_bg06.swf</file>
  </bg>
  <prop id="cbg_ninja_forest02_PROP26" index="1">
    <file>ninja.ncc_ninja_wood01.swf</file>
    <x>330</x>
    <y>147</y>
    <xscale>1</xscale>
    <yscale>1</yscale>
    <face>1</face>
    <rotation>0</rotation>
  </prop>
</compositebg>
  <compositebg id="cbg_ninja_forest03" name="Forest" enable="Y" default="N" thumb="ninja_forest03.png" display_order="22" is_premium="N" money="0" sharing="0" aid="15198">
  <bg id="cbg_ninja_forest03_BG9" index="0">
    <file>ninja.ncc_ninja_bg05.swf</file>
  </bg>
  <prop id="cbg_ninja_forest03_PROP78" index="1">
    <file>ninja.msp_ninja_tree.msp_ninja_tree_ncc_ninja_tree01.swf</file>
    <x>355.1</x>
    <y>303.4</y>
    <xscale>0.51</xscale>
    <yscale>0.51</yscale>
    <face>1</face>
    <rotation>0</rotation>
  </prop>
  <prop id="cbg_ninja_forest03_PROP79" index="2">
    <file>ninja.msp_ninja_tree.msp_ninja_tree_ncc_ninja_tree01.swf</file>
    <x>395.1</x>
    <y>297.7</y>
    <xscale>0.51</xscale>
    <yscale>0.51</yscale>
    <face>1</face>
    <rotation>0</rotation>
  </prop>
  <prop id="cbg_ninja_forest03_PROP80" index="3">
    <file>ninja.msp_ninja_tree.msp_ninja_tree_ncc_ninja_tree01.swf</file>
    <x>447.5</x>
    <y>273.4</y>
    <xscale>0.51</xscale>
    <yscale>0.51</yscale>
    <face>1</face>
    <rotation>0</rotation>
  </prop>
  <prop id="cbg_ninja_forest03_PROP81" index="4">
    <file>ninja.msp_ninja_tree.msp_ninja_tree_ncc_ninja_tree01.swf</file>
    <x>525.9</x>
    <y>330.6</y>
    <xscale>1.01</xscale>
    <yscale>1.01</yscale>
    <face>1</face>
    <rotation>0</rotation>
  </prop>
  <prop id="cbg_ninja_forest03_PROP82" index="5">
    <file>ninja.msp_ninja_tree.msp_ninja_tree_ncc_ninja_tree01.swf</file>
    <x>109.1</x>
    <y>298.4</y>
    <xscale>0.51</xscale>
    <yscale>0.51</yscale>
    <face>1</face>
    <rotation>0</rotation>
  </prop>
  <prop id="cbg_ninja_forest03_PROP83" index="6">
    <file>ninja.msp_ninja_tree.msp_ninja_tree_ncc_ninja_tree01.swf</file>
    <x>164.1</x>
    <y>307.7</y>
    <xscale>0.51</xscale>
    <yscale>0.51</yscale>
    <face>1</face>
    <rotation>0</rotation>
  </prop>
  <prop id="cbg_ninja_forest03_PROP84" index="7">
    <file>ninja.msp_ninja_tree.msp_ninja_tree_ncc_ninja_tree01.swf</file>
    <x>226.5</x>
    <y>298.4</y>
    <xscale>0.51</xscale>
    <yscale>0.51</yscale>
    <face>1</face>
    <rotation>0</rotation>
  </prop>
  <prop id="cbg_ninja_forest03_PROP85" index="8">
    <file>ninja.msp_ninja_tree.msp_ninja_tree_ncc_ninja_tree01.swf</file>
    <x>275.9</x>
    <y>309.6</y>
    <xscale>0.51</xscale>
    <yscale>0.51</yscale>
    <face>1</face>
    <rotation>0</rotation>
  </prop>
  <prop id="cbg_ninja_forest03_PROP86" index="9">
    <file>ninja.msp_ninja_tree.msp_ninja_tree_ncc_ninja_tree01.swf</file>
    <x>612.9</x>
    <y>356.6</y>
    <xscale>1.14</xscale>
    <yscale>1.14</yscale>
    <face>1</face>
    <rotation>0</rotation>
    <color r="ccColorA">3368499</color>
  </prop>
  <prop id="cbg_ninja_forest03_PROP88" index="10">
    <file>ninja.msp_ninja_tree.msp_ninja_tree_ncc_ninja_tree01.swf</file>
    <x>438.9</x>
    <y>357.6</y>
    <xscale>0.91</xscale>
    <yscale>0.91</yscale>
    <face>1</face>
    <rotation>0</rotation>
    <color r="ccColorA">6723891</color>
  </prop>
  <prop id="cbg_ninja_forest03_PROP89" index="11">
    <file>ninja.msp_ninja_tree.msp_ninja_tree_ncc_ninja_tree01.swf</file>
    <x>90.9</x>
    <y>406.6</y>
    <xscale>1.1</xscale>
    <yscale>1.1</yscale>
    <face>1</face>
    <rotation>0</rotation>
    <color r="ccColorA">6723891</color>
  </prop>
  <prop id="cbg_ninja_forest03_PROP87" index="12">
    <file>ninja.msp_ninja_tree.msp_ninja_tree_ncc_ninja_tree01.swf</file>
    <x>249.9</x>
    <y>417.6</y>
    <xscale>1.27</xscale>
    <yscale>1.27</yscale>
    <face>1</face>
    <rotation>0</rotation>
    <color r="ccColorA">3368499</color>
  </prop>
  <prop id="cbg_ninja_forest03_PROP90" index="13">
    <file>ninja.msp_ninja_tree.msp_ninja_tree_ncc_ninja_tree01.swf</file>
    <x>548.9</x>
    <y>493.6</y>
    <xscale>1.42</xscale>
    <yscale>1.42</yscale>
    <face>1</face>
    <rotation>0</rotation>
  </prop>
  <prop id="cbg_ninja_forest03_PROP92" index="14">
    <file>ninja.msp_ninja_tree.msp_ninja_tree_ncc_ninja_tree01.swf</file>
    <x>460.9</x>
    <y>470.6</y>
    <xscale>1.42</xscale>
    <yscale>1.42</yscale>
    <face>1</face>
    <rotation>0</rotation>
    <color r="ccColorA">6710835</color>
  </prop>
  <prop id="cbg_ninja_forest03_PROP91" index="15">
    <file>ninja.msp_ninja_tree.msp_ninja_tree_ncc_ninja_tree01.swf</file>
    <x>277.9</x>
    <y>531.6</y>
    <xscale>1.42</xscale>
    <yscale>1.42</yscale>
    <face>1</face>
    <rotation>0</rotation>
  </prop>
  <prop id="cbg_ninja_forest03_PROP93" index="16">
    <file>ninja.msp_ninja_tree.msp_ninja_tree_ncc_ninja_tree01.swf</file>
    <x>608.9</x>
    <y>477.6</y>
    <xscale>1.42</xscale>
    <yscale>1.42</yscale>
    <face>1</face>
    <rotation>0</rotation>
  </prop>
  <prop id="cbg_ninja_forest03_PROP94" index="17">
    <file>ninja.msp_ninja_tree.msp_ninja_tree_ncc_ninja_tree01.swf</file>
    <x>98.9</x>
    <y>508.6</y>
    <xscale>1.42</xscale>
    <yscale>1.42</yscale>
    <face>-1</face>
    <rotation>0</rotation>
  </prop>
</compositebg>
  <prop id="02ninja_umbrella.swf" name="Umbrella" holdable="1" placeable="1" wearable="0" facing="left" thumb="" enable="Y" is_premium="N" aid="15104" money="0" sharing="0" handstyle="stick"/>
  <prop id="03ninja_handfan01.swf" name="Handheld fan" holdable="1" placeable="1" wearable="0" facing="left" thumb="" enable="Y" is_premium="N" aid="15105" money="0" sharing="0" handstyle="flat"/>
  <prop id="03ninja_shuriken02.swf" name="Shuriken" holdable="1" placeable="1" wearable="0" facing="left" thumb="" enable="N" is_premium="N" aid="15106" money="0" sharing="0" handstyle="flat"/>
  <prop id="ncc_ninja_prop01.swf" name="Energy blast" holdable="0" placeable="1" wearable="0" facing="left" thumb="" enable="Y" is_premium="N" aid="15107" money="0" sharing="0"/>
  <prop id="msp_ninja_prop03" name="Energy beam" holdable="0" placeable="1" wearable="0" facing="left" thumb="msp_ninja_prop03_ncc_ninja_prop03a.swf" enable="Y" is_premium="N" aid="15108" money="0" sharing="0">
    <state id="msp_ninja_prop03_ncc_ninja_prop03a.swf" name="Default" enable="Y" default="Y"/>
    <state id="msp_ninja_prop03_ncc_ninja_prop03b.swf" name="Disperse" enable="Y"/>
  </prop>
  <prop id="ncc_ninja_prop04.swf" name="Energy sphere" holdable="0" placeable="1" wearable="0" facing="left" thumb="" enable="Y" is_premium="N" aid="15111" money="0" sharing="0"/>
  <prop id="ncc_ninja_prop05.swf" name="Energy shield" holdable="0" placeable="1" wearable="0" facing="left" thumb="" enable="Y" is_premium="N" aid="15112" money="0" sharing="0"/>
  <prop id="msp_ninja_prop06" name="Energy burst" holdable="0" placeable="1" wearable="0" facing="left" thumb="msp_ninja_prop06_ncc_ninja_prop06a.swf" enable="Y" is_premium="N" aid="15113" money="0" sharing="0">
    <state id="msp_ninja_prop06_ncc_ninja_prop06a.swf" name="Default" enable="Y" default="Y"/>
    <state id="msp_ninja_prop06_ncc_ninja_prop06b.swf" name="Disperse" enable="Y"/>
  </prop>
  <prop id="ncc_ninja_prop07.swf" name="Thunder" holdable="0" placeable="1" wearable="0" facing="left" thumb="" enable="Y" is_premium="N" aid="15116" money="0" sharing="0"/>
  <prop id="ncc_ninja_prop08.swf" name="Log" holdable="0" placeable="1" wearable="0" facing="left" thumb="" enable="Y" is_premium="N" aid="15117" money="0" sharing="0"/>
  <prop id="ncc_ninja_prop09.swf" name="Smoke" holdable="0" placeable="1" wearable="0" facing="left" thumb="" enable="Y" is_premium="N" aid="15118" money="0" sharing="0"/>
  <prop id="ncc_ninja_fishhold.swf" name="Fish on a stick" holdable="1" placeable="1" wearable="0" facing="left" thumb="" enable="Y" is_premium="N" aid="15119" money="0" sharing="0" handstyle="stick"/>
  <prop id="msp_ncc_ninja_mgun01" name="Machine gun" holdable="1" placeable="1" wearable="0" facing="left" thumb="msp_ncc_ninja_mgun01_ncc_gun_still.swf" enable="Y" is_premium="N" aid="15120" money="0" sharing="0" handstyle="gun">
    <tag>gun</tag>
    <state id="msp_ncc_ninja_mgun01_ncc_gun_fire.swf" name="automatic mode" enable="Y"/>
    <state id="msp_ncc_ninja_mgun01_ncc_gun_loop.swf" name="burst mode" enable="Y"/>
    <state id="msp_ncc_ninja_mgun01_ncc_gun_once.swf" name="shoot once" enable="Y"/>
    <state id="msp_ncc_ninja_mgun01_ncc_gun_still.swf" name="still" enable="Y" default="Y"/>
  </prop>
  <prop id="msp_ncc_ninja_mgun02" name="Machine gun" holdable="1" placeable="1" wearable="0" facing="left" thumb="msp_ncc_ninja_mgun02_ncc_gun_still.swf" enable="Y" is_premium="N" aid="15125" money="0" sharing="0" handstyle="gun">
    <tag>gun</tag>
    <state id="msp_ncc_ninja_mgun02_ncc_gun_fire.swf" name="automatic mode" enable="Y"/>
    <state id="msp_ncc_ninja_mgun02_ncc_gun_loop.swf" name="burst mode" enable="Y"/>
    <state id="msp_ncc_ninja_mgun02_ncc_gun_once.swf" name="shoot once" enable="Y"/>
    <state id="msp_ncc_ninja_mgun02_ncc_gun_still.swf" name="still" enable="Y" default="Y"/>
  </prop>
  <prop id="ncc_ninja_prop11.swf" name="Explosion cloud" holdable="0" placeable="1" wearable="0" facing="left" thumb="" enable="Y" is_premium="N" aid="15180" money="0" sharing="0"/>
  <prop id="ncc_ninja_prop12.swf" name="Snowy mountain" holdable="0" placeable="1" wearable="0" facing="left" thumb="" enable="Y" is_premium="N" aid="15181" money="0" sharing="0"/>
  <prop id="ncc_ninja_prop13.swf" name="Floating spirits" holdable="0" placeable="1" wearable="0" facing="left" thumb="" enable="Y" is_premium="N" aid="15182" money="0" sharing="0"/>
  <prop id="ncc_ninja_prop14.swf" name="Spirits" holdable="0" placeable="1" wearable="0" facing="left" thumb="" enable="Y" is_premium="N" aid="15183" money="0" sharing="0"/>
  <prop id="ncc_ninja_prop15.swf" name="Vapors" holdable="0" placeable="1" wearable="0" facing="left" thumb="" enable="Y" is_premium="N" aid="15184" money="0" sharing="0"/>
  <prop id="ncc_ninja_prop16.swf" name="Energy ball" holdable="0" placeable="1" wearable="0" facing="left" thumb="" enable="Y" is_premium="N" aid="15185" money="0" sharing="0"/>
  <prop id="ncc_ninja_roof1.swf" name="House" holdable="0" placeable="1" wearable="0" facing="left" thumb="" enable="Y" is_premium="N" aid="15186" money="0" sharing="0"/>
  <prop id="ncc_ninja_roof2.swf" name="House" holdable="0" placeable="1" wearable="0" facing="left" thumb="" enable="Y" is_premium="N" aid="15187" money="0" sharing="0"/>
  <prop id="ncc_ninja_torii.swf" name="Gate" holdable="0" placeable="1" wearable="0" facing="left" thumb="" enable="Y" is_premium="N" aid="15188" money="0" sharing="0"/>
  <prop id="ncc_03ninja_scroll01.swf" name="Scroll" holdable="1" placeable="1" wearable="0" facing="left" thumb="" enable="Y" is_premium="N" aid="15189" money="0" sharing="0" handstyle="flat"/>
  <prop id="ncc_03ninja_shuriken03.swf" name="Shuriken" holdable="1" placeable="1" wearable="0" facing="left" thumb="" enable="Y" is_premium="N" aid="15190" money="0" sharing="0" handstyle="stick"/>
  <prop id="ncc_02ninja_lantern.swf" name="Lantern" holdable="1" placeable="1" wearable="0" facing="left" thumb="" enable="Y" is_premium="N" aid="15191" money="0" sharing="0" handstyle="stick"/>
  <prop id="ncc_02ninja_jutte.swf" name="Jutte" holdable="1" placeable="1" wearable="0" facing="left" thumb="" enable="Y" is_premium="N" aid="15192" money="0" sharing="0" handstyle="stick"/>
  <prop id="ncc_02ninja_lantern01.swf" name="Lantern" holdable="1" placeable="1" wearable="0" facing="left" thumb="" enable="Y" is_premium="N" aid="15193" money="0" sharing="0" handstyle="stick"/>
  <prop id="msp_shuriken02" name="Shuriken" holdable="1" placeable="1" wearable="0" facing="left" thumb="msp_shuriken02_03ninja_shuriken02.swf" enable="Y" is_premium="N" aid="15194" money="0" sharing="0" handstyle="flat">
    <state id="msp_shuriken02_ncc_03ninja_shuriken02a.swf" name="rotating" enable="Y"/>
    <state id="msp_shuriken02_ncc_03ninja_shuriken02b.swf" name="in wall" enable="Y"/>
    <state id="msp_shuriken02_03ninja_shuriken02.swf" name="still" enable="Y" default="Y"/>
  </prop>
  <prop id="02ninja_shuriken01.swf" name="Shuriken" holdable="1" placeable="1" wearable="0" facing="left" thumb="" enable="Y" is_premium="N" aid="15102" money="0" sharing="0" handstyle="stick"/>
  <prop id="02ninja_sword.swf" name="Katana" holdable="1" placeable="1" wearable="0" facing="left" thumb="" enable="Y" is_premium="N" aid="15103" money="0" sharing="0" handstyle="stick"/>
  <prop id="ncc_ninja_house01.swf" name="Wooden house" holdable="0" placeable="1" wearable="0" facing="left" thumb="" enable="Y" is_premium="N" aid="15047" money="0" sharing="0"/>
  <prop id="ncc_ninja_house02.swf" name="Wooden house" holdable="0" placeable="1" wearable="0" facing="left" thumb="" enable="Y" is_premium="N" aid="15048" money="0" sharing="0"/>
  <prop id="ncc_ninja_house03.swf" name="Wooden house" holdable="0" placeable="1" wearable="0" facing="left" thumb="" enable="Y" is_premium="N" aid="15049" money="0" sharing="0"/>
  <prop id="ncc_ninja_house04.swf" name="Wooden house" holdable="0" placeable="1" wearable="0" facing="left" thumb="" enable="Y" is_premium="N" aid="15050" money="0" sharing="0"/>
  <prop id="msp_ninjadoor01" name="Sliding doors" holdable="0" placeable="1" wearable="0" facing="left" thumb="msp_ninjadoor01_ncc_ninjadoor_front_close.swf" enable="Y" is_premium="N" aid="15051" money="0" sharing="0">
    <state id="msp_ninjadoor01_ncc_ninjadoor_front_close.swf" name="front - closed" enable="Y" default="Y"/>
    <state id="msp_ninjadoor01_ncc_ninjadoor_front_open.swf" name="front - opened" enable="Y"/>
    <state id="msp_ninjadoor01_ncc_ninjadoor_side_close.swf" name="side - closed" enable="Y"/>
    <state id="msp_ninjadoor01_ncc_ninjadoor_side_open.swf" name="side - opened" enable="Y"/>
  </prop>
  <prop id="ncc_ninja_adbox01.swf" name="Sign" holdable="0" placeable="1" wearable="0" facing="left" thumb="" enable="Y" is_premium="N" aid="15056" money="0" sharing="0"/>
  <prop id="ncc_ninja_adbox02.swf" name="Sign" holdable="0" placeable="1" wearable="0" facing="left" thumb="" enable="Y" is_premium="N" aid="15057" money="0" sharing="0"/>
  <prop id="ncc_ninja_bamboo.swf" name="Bamboo decoration" holdable="0" placeable="1" wearable="0" facing="left" thumb="" enable="Y" is_premium="N" aid="15058" money="0" sharing="0"/>
  <prop id="ncc_ninja_boxchair.swf" name="Step" holdable="0" placeable="1" wearable="0" facing="left" thumb="" enable="Y" is_premium="N" aid="15059" money="0" sharing="0"/>
  <prop id="ncc_ninja_bucket.swf" name="Bucket" holdable="0" placeable="1" wearable="0" facing="left" thumb="" enable="Y" is_premium="N" aid="15060" money="0" sharing="0"/>
  <prop id="msp_ninja_deco01" name="Katana stand" holdable="0" placeable="1" wearable="0" facing="left" thumb="msp_ninja_deco01_ncc_ninja_deco02.swf" enable="Y" is_premium="N" aid="15061" money="0" sharing="0">
    <state id="msp_ninja_deco01_ncc_ninja_deco01.swf" name="tall" enable="Y"/>
    <state id="msp_ninja_deco01_ncc_ninja_deco02.swf" name="short" enable="Y" default="Y"/>
  </prop>
  <prop id="msp_ninja_fish01" name="Fireplace" holdable="0" placeable="1" wearable="0" facing="left" thumb="msp_ninja_fish01_ncc_ninja_fish01.swf" enable="Y" is_premium="N" aid="15064" money="0" sharing="0">
    <state id="msp_ninja_fish01_ncc_ninja_fish01.swf" name="no fire" enable="Y" default="Y"/>
    <state id="msp_ninja_fish01_ncc_ninja_fish02.swf" name="fire" enable="Y"/>
  </prop>
  <prop id="ncc_ninja_flower.swf" name="Flower" holdable="0" placeable="1" wearable="0" facing="left" thumb="" enable="Y" is_premium="N" aid="15067" money="0" sharing="0"/>
  <prop id="ncc_ninja_light01.swf" name="Table lantern" holdable="0" placeable="1" wearable="0" facing="left" thumb="" enable="Y" is_premium="N" aid="15068" money="0" sharing="0"/>
  <prop id="ncc_ninja_light02.swf" name="Floor candle lamp" holdable="0" placeable="1" wearable="0" facing="left" thumb="" enable="Y" is_premium="N" aid="15069" money="0" sharing="0"/>
  <prop id="ncc_ninja_light03.swf" name="Floor lantern" holdable="0" placeable="1" wearable="0" facing="left" thumb="" enable="Y" is_premium="N" aid="15070" money="0" sharing="0"/>
  <prop id="ncc_ninja_painting01.swf" name="Painting" holdable="0" placeable="1" wearable="0" facing="left" thumb="" enable="Y" is_premium="N" aid="15071" money="0" sharing="0"/>
  <prop id="ncc_ninja_painting02.swf" name="Painting" holdable="0" placeable="1" wearable="0" facing="left" thumb="" enable="Y" is_premium="N" aid="15072" money="0" sharing="0"/>
  <prop id="ncc_ninja_painting03.swf" name="Painting" holdable="0" placeable="1" wearable="0" facing="left" thumb="" enable="Y" is_premium="N" aid="15073" money="0" sharing="0"/>
  <prop id="ncc_ninja_pot.swf" name="Hanged cooking pot" holdable="0" placeable="1" wearable="0" facing="left" thumb="" enable="Y" is_premium="N" aid="15074" money="0" sharing="0"/>
  <prop id="msp_ninja_pray" name="Prayer tablet" holdable="0" placeable="1" wearable="0" facing="left" thumb="msp_ninja_pray_ncc_ninja_pray01.swf" enable="Y" is_premium="N" aid="15075" money="0" sharing="0">
    <state id="msp_ninja_pray_ncc_ninja_pray01.swf" name="single - empty" enable="Y" default="Y"/>
    <state id="msp_ninja_pray_ncc_ninja_pray02.swf" name="single - written on" enable="Y"/>
    <state id="msp_ninja_pray_ncc_ninja_pray03.swf" name="many - written on" enable="Y"/>
  </prop>
  <prop id="ncc_ninja_seat.swf" name="Cushion" holdable="0" placeable="1" wearable="0" facing="left" thumb="" enable="Y" is_premium="N" aid="15079" money="0" sharing="0"/>
  <prop id="msp_ninja_tree" name="Tree" holdable="0" placeable="1" wearable="0" facing="left" thumb="msp_ninja_tree_ncc_ninja_tree01.swf" enable="Y" is_premium="N" aid="15080" money="0" sharing="0">
    <state id="msp_ninja_tree_ncc_ninja_tree01.swf" name="full" enable="Y" default="Y"/>
    <state id="msp_ninja_tree_ncc_ninja_tree02.swf" name="no branch" enable="Y"/>
    <state id="msp_ninja_tree_ncc_ninja_tree03.swf" name="branch only" enable="Y"/>
  </prop>
  <prop id="msp_ninja_window" name="Window" holdable="0" placeable="1" wearable="0" facing="left" thumb="msp_ninja_window_ncc_ninja_window01.swf" enable="Y" is_premium="N" aid="15084" money="0" sharing="0">
    <state id="msp_ninja_window_ncc_ninja_window01.swf" name="side - closed" enable="Y" default="Y"/>
    <state id="msp_ninja_window_ncc_ninja_window02.swf" name="side - opened" enable="Y"/>
  </prop>
  <prop id="ncc_ninja_wood.swf" name="Plank" holdable="0" placeable="1" wearable="0" facing="left" thumb="" enable="Y" is_premium="N" aid="15087" money="0" sharing="0"/>
  <prop id="ncc_ninja_wood01.swf" name="Huge trunk" holdable="0" placeable="1" wearable="0" facing="left" thumb="" enable="Y" is_premium="N" aid="15088" money="0" sharing="0"/>
  <prop id="msp_ninja_wall01" name="Wall" holdable="0" placeable="1" wearable="0" facing="left" thumb="msp_ninja_wall01_ncc_ninja_wall01_front.swf" enable="Y" is_premium="N" aid="15089" money="0" sharing="0">
    <state id="msp_ninja_wall01_ncc_ninja_wall01_front.swf" name="front" enable="Y" default="Y"/>
    <state id="msp_ninja_wall01_ncc_ninja_wall01_side.swf" name="side" enable="Y"/>
  </prop>
  <prop id="msp_ninja_wall02" name="Wall with opening" holdable="0" placeable="1" wearable="0" facing="left" thumb="msp_ninja_wall02_ncc_ninja_wall02_front.swf" enable="Y" is_premium="N" aid="15092" money="0" sharing="0">
    <state id="msp_ninja_wall02_ncc_ninja_wall02_front.swf" name="front" enable="Y" default="Y"/>
    <state id="msp_ninja_wall02_ncc_ninja_wall02_side.swf" name="side" enable="Y"/>
  </prop>
  <prop id="msp_ninja_wall03" name="Wooden wall" holdable="0" placeable="1" wearable="0" facing="left" thumb="msp_ninja_wall03_ncc_ninja_wall03_front.swf" enable="Y" is_premium="N" aid="15095" money="0" sharing="0">
    <state id="msp_ninja_wall03_ncc_ninja_wall03_front.swf" name="front" enable="Y" default="Y"/>
    <state id="msp_ninja_wall03_ncc_ninja_wall03_side.swf" name="side" enable="Y"/>
  </prop>
  <prop id="msp_ninja_door01" name="Sliding doors" holdable="0" placeable="1" wearable="0" facing="left" thumb="msp_ninja_door01_ncc_ninja_door01_close.swf" enable="Y" is_premium="N" aid="15098" money="0" sharing="0">
    <state id="msp_ninja_door01_ncc_ninja_door01_close.swf" name="close" enable="Y" default="Y"/>
    <state id="msp_ninja_door01_ncc_ninja_door01_open.swf" name="open" enable="Y"/>
  </prop>
  <prop id="ncc_ninja_drawer02.swf" name="Drawers" holdable="0" placeable="1" wearable="0" facing="left" thumb="" enable="Y" is_premium="N" aid="15101" money="0" sharing="0"/>
  <effect id="ncc_ninja_fx02.swf" type="ANIME" resize="false" move="false" name="Hit" enable="Y" is_premium="N" aid="15157" money="0" sharing="0" display_order="0"/>
  <effect id="ncc_ninja_fx04.swf" type="ANIME" resize="false" move="false" name="Purple petals" enable="Y" is_premium="N" aid="15159" money="0" sharing="0" display_order="0"/>
  <effect id="ncc_ninja_fx01.swf" type="ANIME" resize="false" move="false" name="Focus" enable="Y" is_premium="N" aid="15156" money="0" sharing="0" display_order="10"/>
  <effect id="ncc_ninja_fx03.swf" type="ANIME" resize="false" move="false" name="Focus" enable="Y" is_premium="N" aid="15158" money="0" sharing="0" display_order="10"/>
</theme>
